{"NSE_INDEX|India VIX": {"ltp": 18.48, "ts": 1777535594.5905478}, "NSE_FO|74104": {"ltp": 43.5, "ts": 1777535594.1268284}, "NSE_FO|74135": {"ltp": 185.0, "ts": 1777535594.2767062}, "NSE_FO|74146": {"ltp": 174.05, "ts": 1777535594.2767062}, "NSE_INDEX|Nifty 50": {"ltp": 23958.25, "ts": 1777535594.5905478}, "NSE_FO|74175": {"ltp": 40.85, "ts": 1777535594.8903055}}