{"NSE_INDEX|India VIX": {"ltp": 18.54, "ts": 1777542300.1798198}, "NSE_FO|74104": {"ltp": 35.75, "ts": 1777542299.2807004}, "NSE_FO|74135": {"ltp": 229.2, "ts": 1777542299.87986}, "NSE_FO|74146": {"ltp": 142.95, "ts": 1777542299.87986}, "NSE_INDEX|Nifty 50": {"ltp": 23991.3, "ts": 1777542300.1798198}, "NSE_FO|74175": {"ltp": 55.45, "ts": 1777542299.87986}}