{"NSE_INDEX|India VIX": {"ltp": 17.96, "ts": 1779442221.0, "received_ts": 1779442221.5573435}, "NSE_FO|71849": {"ltp": 2.25, "ts": 1779442221.542, "received_ts": 1779442221.8562598}, "NSE_FO|72296": {"ltp": 1.8, "ts": 1779442221.361, "received_ts": 1779442221.7036865}, "NSE_FO|72183": {"ltp": 24.95, "ts": 1779442221.579, "received_ts": 1779442221.8562598}, "NSE_FO|72068": {"ltp": 67.25, "ts": 1779442221.609, "received_ts": 1779442221.8562598}, "NSE_INDEX|Nifty 50": {"ltp": 23706.35, "ts": 1779442221.0, "received_ts": 1779442221.8562598}}