{"BSE_FO|1122565": {"ltp": 137.2, "ts": 1779271199.029, "received_ts": 1779271200.2478757}, "BSE_INDEX|SENSEX": {"ltp": 75336.35, "ts": 1779271199.445, "received_ts": 1779271199.6512673}, "BSE_FO|1122475": {"ltp": 6.15, "ts": 1779271199.625, "received_ts": 1779271200.2109208}, "NSE_INDEX|India VIX": {"ltp": 18.31, "ts": 1779271199.0, "received_ts": 1779271200.3153257}, "BSE_FO|1122636": {"ltp": 11.1, "ts": 1779271199.62, "received_ts": 1779271200.2109208}, "BSE_FO|1122551": {"ltp": 217.2, "ts": 1779271199.002, "received_ts": 1779271200.2109208}}