{"BSE_FO|888814": {"ltp": 8.7, "ts": 1777974899.4791293}, "BSE_FO|888530": {"ltp": 693.15, "ts": 1777974899.328543}, "BSE_FO|888740": {"ltp": 222.7, "ts": 1777974900.2330885}, "BSE_INDEX|SENSEX": {"ltp": 77031.73, "ts": 1777974899.6325786}, "NSE_INDEX|India VIX": {"ltp": 17.84, "ts": 1777974899.931909}, "BSE_FO|888348": {"ltp": 20.15, "ts": 1777974899.328543}}