{"BSE_FO|888990": {"ltp": 245.7, "ts": 1778061600.1545432}, "BSE_INDEX|SENSEX": {"ltp": 77974.74, "ts": 1778061599.4952846}, "BSE_FO|888283": {"ltp": 20.8, "ts": 1778061600.1545432}, "BSE_FO|888932": {"ltp": 11.8, "ts": 1778061600.1545432}, "BSE_FO|888771": {"ltp": 420.05, "ts": 1778061600.1545432}, "NSE_INDEX|India VIX": {"ltp": 16.62, "ts": 1778061600.3391418}}