{"NSE_INDEX|India VIX": {"ltp": 18.31, "ts": 1777887894.5711546}, "NSE_FO|74164": {"ltp": 78.25, "ts": 1777887894.5711546}, "NSE_FO|74586": {"ltp": 0.3, "ts": 1777887894.4099383}, "NSE_FO|73531": {"ltp": 0.2, "ts": 1777887894.4099383}, "NSE_FO|74157": {"ltp": 147.3, "ts": 1777887894.5711546}, "NSE_INDEX|Nifty 50": {"ltp": 24124.6, "ts": 1777887894.5711546}}