{"BSE_FO|1122476": {"ltp": 397.0, "ts": 1779180746.932, "received_ts": 1779180746.547946}, "BSE_FO|1122459": {"ltp": 18.25, "ts": 1779180745.063, "received_ts": 1779180746.697936}, "BSE_FO|1122334": {"ltp": 429.65, "ts": 1779180745.455, "received_ts": 1779180745.8012552}, "NSE_INDEX|India VIX": {"ltp": 18.53, "ts": 1779180746.0, "received_ts": 1779180746.697936}, "BSE_FO|1122475": {"ltp": 15.95, "ts": 1779180721.681, "received_ts": 1779180745.9477036}, "BSE_INDEX|SENSEX": {"ltp": 75525.44, "ts": 1779180746.507, "received_ts": 1779180746.697936}}