{"BSE_FO|853222": {"ltp": 149.35, "ts": 1777455899.8509731}, "BSE_FO|851910": {"ltp": 25.15, "ts": 1777455899.4187257}, "BSE_FO|854963": {"ltp": 525.15, "ts": 1777455899.7023506}, "BSE_INDEX|SENSEX": {"ltp": 77472.77, "ts": 1777455899.1094065}, "BSE_FO|854898": {"ltp": 122.25, "ts": 1777455899.7023506}, "NSE_INDEX|India VIX": {"ltp": 17.4, "ts": 1777455899.5514688}}