{"NSE_FO|41723": {"ltp": 21.05, "ts": 1778578544.3854349}, "NSE_INDEX|Nifty 50": {"ltp": 23381.85, "ts": 1778578544.534188}, "NSE_FO|41717": {"ltp": 0.85, "ts": 1778578543.4844615}, "NSE_FO|41722": {"ltp": 1.25, "ts": 1778578544.3854349}, "NSE_INDEX|India VIX": {"ltp": 19.38, "ts": 1778578544.534188}, "NSE_FO|41794": {"ltp": 0.15, "ts": 1778578544.3854349}}