{"NSE_INDEX|India VIX": {"ltp": 17.82, "ts": 1779359400.0, "received_ts": 1779364449.0093896}, "NSE_FO|71982": {"ltp": 57.5, "ts": 1779357599.821, "received_ts": 1779364449.0093896}, "NSE_FO|72292": {"ltp": 2.9, "ts": 1779357599.691, "received_ts": 1779364449.0093896}, "NSE_INDEX|Nifty 50": {"ltp": 23654.7, "ts": 1779359400.0, "received_ts": 1779364449.0093896}, "NSE_FO|72175": {"ltp": 69.5, "ts": 1779357599.996, "received_ts": 1779364449.0093896}, "NSE_FO|71821": {"ltp": 2.05, "ts": 1779357597.618, "received_ts": 1779364449.0093896}}