{"NSE_FO|41832": {"ltp": 6.55, "ts": 1778234099.3241904}, "NSE_FO|41774": {"ltp": 130.65, "ts": 1778234099.3241904}, "NSE_INDEX|Nifty 50": {"ltp": 24170.55, "ts": 1778234099.0259929}, "NSE_INDEX|India VIX": {"ltp": 16.84, "ts": 1778234099.1757643}, "NSE_FO|41777": {"ltp": 161.05, "ts": 1778234099.3241904}, "NSE_FO|41729": {"ltp": 5.7, "ts": 1778234098.5761344}}